,Unnamed: 0,star_name,distance,mass,radius,name,light_years_from_earth,stellar_magnitude,discovery_date
0,0,SDSS J000013.54+255418.6 [de],46.1,48,0.99,11 Comae Berenices b,304.0,4.72307,2007
1,1,2MASS J08283419-1309198,,,,11 Ursae Minoris b,409.0,5.013,2009
2,2,2MASS J00040288-6410358,192.0,19,1.63,14 Andromedae b,246.0,5.23133,2008
3,3,LHS 102BC,,,,14 Herculis b,58.0,6.61935,2002
4,4,2MASS J00242463-0158201,37.7,79,1.09,16 Cygni B b,69.0,6.215,1996
5,5,2MASS J00250365+4759191AB,143.0,,,17 Scorpii b,408.0,5.22606,2020
6,6,2MASS J00274197+0503417,236.0,31,1.44,18 Delphini b,249.0,5.51048,2008
7,7,2MASS J00275592+2219328,46.9,,,1RXS J160929.1-210524 b,454.0,12.618,2008
8,8,2MASSW J0030300-145033,87.2,54,0.98,24 Bootis b,313.0,5.59,2018
9,9,2MASS J00332386-1521309 [de],131.0,29,1.43,24 Sextantis b,235.0,6.4535,2010
10,10,2MASS J00345157+0523050,31.0,42,0.94,24 Sextantis c,235.0,6.4535,2010
11,11,2MASS 0036+1821,28.6,42,0.94,2M0437 b,419.0,16.186,2021
12,12,2MASSW J0045214+163445,57.0,23,1.62,2MASS J01033563-5515561 AB b,154.0,15.788,2013
13,13,WISEP J004701.06+680352.1 [fr],40.0,12,1.3,2MASS J01225093-2439505 b,110.0,14.244,2013
14,14,2MASS J00501994-3322402 [de],34.0,40,0.94,2MASS J02192210-3925225 b,131.0,15.0123,2015
15,15,2MASS J00034227-2822410,,,,2MASS J04414489+2301513 b,393.0,18.9668,2010
16,16,2MASS J00584253-0651239 [de],96.0,29,1.43,2MASS J12073346-3932539 b,210.0,20.15,2004
17,17,CFBDS J005910.90–011401.3,30.0,23,,2MASS J19383260+4603591 b,1293.0,12.651,2015
18,18,2MASSI J0103320+193536,70.0,52,0.98,2MASS J21402931+1625183 A b,108.0,17.3961,2009
19,19,SDSSp J010752.33+004156.1 [de],51.0,52,0.98,2MASS J22362452+4751425 b,227.0,12.368,2016
20,20,2MASSI J0117474-340325 [de],163.0,20,1.62,30 Arietis B b,146.0,7.09209,2009
21,21,2MASS J01415823-4633574 [de],130.0,20,1.61,42 Draconis b,296.0,4.8262,2008
22,22,SDSS J015141.69+124429.6,70.0,47,0.97,47 Ursae Majoris b,45.0,5.03352,1996
23,23,DENIS-P J020529.0−115925A,65.0,,,47 Ursae Majoris c,45.0,5.03352,2001
24,24,DENIS-P J020529.0−115925B,65.0,,,47 Ursae Majoris d,45.0,5.03352,2009
25,25,DENIS-P J020529.0−115925C,65.0,,,11 Comae Berenices b,304.0,4.72307,2007
26,26,SDSS J020742.48+000056.2 [de],111.0,47,0.97,11 Ursae Minoris b,409.0,5.013,2009
27,27,2MASS J02103857-3015313,101.0,15,1.53,14 Andromedae b,246.0,5.23133,2008
28,28,2MASS J02340093-6442068,155.0,20,1.62,14 Herculis b,58.0,6.61935,2002
29,29,2MASS J02411151-0326587 [de],152.0,27,1.41,16 Cygni B b,69.0,6.215,1996
30,30,2MASS J02431371−2453298,35.0,33,0.99,17 Scorpii b,408.0,5.22606,2020
31,31,LP 771-21,53.0,78,1.08,18 Delphini b,249.0,5.51048,2008
32,32,2MASS J02511327+0047364,,,,1RXS J160929.1-210524 b,454.0,12.618,2008
33,33,Teegarden's star,12.578,80,1.27,24 Bootis b,313.0,5.59,2018
34,34,2MASS J02535980+3206373,184.0,65,1.9,24 Sextantis b,235.0,6.4535,2010
35,35,WISE J0254+0223,24.0,65,1.9,24 Sextantis c,235.0,6.4535,2010
36,36,DEN 0255-4700,16.2,80,0.97,2M0437 b,419.0,16.186,2021
37,37,2MASS J03185403-3421292 [de],45.0,49,0.97,2MASS J01033563-5515561 AB b,154.0,15.788,2013
38,38,2MASS J03205965+1854233,47.0,88,1.15,2MASS J01225093-2439505 b,110.0,14.244,2013
39,39,2MASS J03231002-4631237,192.0,23,1.66,2MASS J02192210-3925225 b,131.0,15.0123,2015
40,40,SDSS J032553.17+042540.1,59.0,45,0.95,2MASS J04414489+2301513 b,393.0,18.9668,2010
41,41,2MASS J03264225-2102057 [de],80.0,18,1.3,2MASS J12073346-3932539 b,210.0,20.15,2004
42,42,2MASS J03284265+2302051 [de],98.0,54,0.98,2MASS J19383260+4603591 b,1293.0,12.651,2015
43,43,2MASS J03341218-4953322,27.0,73,1.04,2MASS J21402931+1625183 A b,108.0,17.3961,2009
44,44,LP 944-20,20.9,73,1.43,2MASS J22362452+4751425 b,227.0,12.368,2016
45,45,2MASP J0345432+254023,88.0,74,1.05,30 Arietis B b,146.0,7.09209,2009
46,46,Teide 1,380.0,55,3.78,42 Draconis b,296.0,4.8262,2008
47,47,2MASS J03510004-0052452,48.0,102,1.27,47 Ursae Majoris b,45.0,5.03352,1996
48,48,2MASS J03552337+1133437,29.8,20,1.32,47 Ursae Majoris c,45.0,5.03352,2001
49,49,DENIS-P J035726.9-441730 [de],130.0,,,47 Ursae Majoris d,45.0,5.03352,2009
50,50,2MASS J04151954−0935066,18.6,30,0.95,11 Comae Berenices b,304.0,4.72307,2007
51,51,SDSSp J042348.57-041403.5 [de],50.0,,,11 Ursae Minoris b,409.0,5.013,2009
52,52,2MASS J04285096-2253227 [de],85.0,80,1.09,14 Andromedae b,246.0,5.23133,2008
53,53,2MASS J04351612-1606574,34.0,100,1.26,14 Herculis b,58.0,6.61935,2002
54,54,2MASS J04362788-4114465,142.0,39,1.97,16 Cygni B b,69.0,6.215,1996
55,55,2MASS J04390101-2353083 [de],29.5,48,0.97,17 Scorpii b,408.0,5.22606,2020
56,56,2MASS J04414489+2301513,470.0,19,,18 Delphini b,249.0,5.51048,2008
57,57,2MASS J04433764+0002040,82.0,22,1.78,1RXS J160929.1-210524 b,454.0,12.618,2008
58,58,2MASS J04455387-3048204 [de],42.0,64,1.0,24 Bootis b,313.0,5.59,2018
59,59,2MASS J04510093-3402150 [de],69.0,72,1.04,24 Sextantis b,235.0,6.4535,2010
60,60,2MASS J05002100+0330501 [de],44.0,64,1.0,24 Sextantis c,235.0,6.4535,2010
61,61,2MASS J05012406-0010452 [de],64.0,21,1.38,2M0437 b,419.0,16.186,2021
62,62,2MASS J05160945-0445499 [de],73.0,47,0.97,2MASS J01033563-5515561 AB b,154.0,15.788,2013
63,63,2MASS J0523−1403,40.0,68,1.01,2MASS J01225093-2439505 b,110.0,14.244,2013
64,64,2MASS 0532+8246,81.0,83,,2MASS J02192210-3925225 b,131.0,15.0123,2015
65,65,SDSS J053951.99-005902.0,41.62,61,1.01,2MASS J04414489+2301513 b,393.0,18.9668,2010
66,66,2MASS J05591914-1404488 [de],34.0,,,2MASS J12073346-3932539 b,210.0,20.15,2004
67,67,LSR 0602+3910 [de],34.6,28,1.41,2MASS J19383260+4603591 b,1293.0,12.651,2015
68,68,2MASS J06085283-2753583,102.0,38,1.51,2MASS J21402931+1625183 A b,108.0,17.3961,2009
69,69,WISEP J061135.13-041024.0A,69.0,65,,2MASS J22362452+4751425 b,227.0,12.368,2016
70,70,WISEP J061135.13-041024.0B,69.0,53,,30 Arietis B b,146.0,7.09209,2009
71,71,2MASS J06244595-4521548 [de],39.0,56,0.99,42 Draconis b,296.0,4.8262,2008
72,72,2MASS J06411840-4322329 [de],65.0,67,1.01,47 Ursae Majoris b,45.0,5.03352,1996
73,73,DENIS-P J0652197-253450 [de],51.0,75,1.05,47 Ursae Majoris c,45.0,5.03352,2001
74,74,2MASS J07003664+3157266 [de],40.0,,,47 Ursae Majoris d,45.0,5.03352,2009
75,75,2MASS J07075327-4900503,60.0,72,1.03,11 Comae Berenices b,304.0,4.72307,2007
76,76,UGPS J072227.51-054031.2,13.4,26,0.98,11 Ursae Minoris b,409.0,5.013,2009
77,77,2MASSI J0727182+171001 [de],29.6,41,0.94,14 Andromedae b,246.0,5.23133,2008
78,78,2MASS J07290002-3954043 [de],25.8,37,0.94,14 Herculis b,58.0,6.61935,2002
79,79,SDSS J074201.41+205520.5 [de],49.0,43,0.94,16 Cygni B b,69.0,6.215,1996
80,80,2MASS J0746425+200032 [fr],49.6,,,17 Scorpii b,408.0,5.22606,2020
81,81,DENIS-P J0751164-253043 [de],55.0,71,1.03,18 Delphini b,249.0,5.51048,2008
82,82,2MASS J07522390+1612157,60.0,68,2.01,1RXS J160929.1-210524 b,454.0,12.618,2008
83,83,DENIS J081730.0-615520,16.1,44,0.94,24 Bootis b,313.0,5.59,2018
84,84,DENIS J082303.1−491201A,67.0,44,,24 Sextantis b,235.0,6.4535,2010
85,85,DENIS J082303.1−491201B,67.0,28,,24 Sextantis c,235.0,6.4535,2010
86,86,2MASS J08251968+2115521 [de],35.0,52,0.98,2M0437 b,419.0,16.186,2021
87,87,SDSSp J083008.12+482847.4 [de],43.0,48,0.99,2MASS J01033563-5515561 AB b,154.0,15.788,2013
88,88,LHS 2021,55.0,88,1.15,2MASS J01225093-2439505 b,110.0,14.244,2013
89,89,SDSS J083048.80+012831.1 [de],77.0,46,0.96,2MASS J02192210-3925225 b,131.0,15.0123,2015
90,90,2MASSI J0835425-081923 [de],23.53,62,1.0,2MASS J04414489+2301513 b,393.0,18.9668,2010
91,91,2MASSI J0847287-153237 [de],43.0,64,1.0,2MASS J12073346-3932539 b,210.0,20.15,2004
92,92,2MASS J08533619-0329321,27.6,77,1.07,2MASS J19383260+4603591 b,1293.0,12.651,2015
93,93,2MASSI J0859254-194926 [de],50.0,50,0.98,2MASS J21402931+1625183 A b,108.0,17.3961,2009
94,94,2MASSW J0920122+351742 [de],95.0,,,2MASS J22362452+4751425 b,227.0,12.368,2016
95,95,2MASSI J0937347+293142,20.0,42,0.94,30 Arietis B b,146.0,7.09209,2009
96,96,2MASS 0939−2448,17.4,32,0.95,42 Draconis b,296.0,4.8262,2008
97,97,2MASS J09490860-1545485 [de],59.0,49,0.96,47 Ursae Majoris b,45.0,5.03352,1996
98,98,2MASS J10073369-4555147,46.0,44,0.94,47 Ursae Majoris c,45.0,5.03352,2001
99,99,2MASSI J1010148-040649 [de],55.0,51,0.98,47 Ursae Majoris d,45.0,5.03352,2009
100,100,2MASSI J1017075+130839 [de],108.0,,,4 Ursae Majoris b,240.0,4.5801,2006
101,101,SDSS J102109.69-030420.1,95.0,,,51 Eridani b,97.0,5.21149,2015
102,102,2MASS J10224821+5825453 [de],60.0,27,1.41,51 Pegasi b,50.0,5.45309,1995
103,103,2MASSW J1036530-344138 [de],53.0,49,0.97,55 Cancri b,41.0,5.95084,1996
104,104,2MASS J1047538+212423 [de],34.4,42,0.94,55 Cancri c,41.0,5.95084,2004
105,105,DEN 1048-3956,13.15,77,1.07,55 Cancri d,41.0,5.95084,2002
106,106,Luhman 16B,6.516,43,1.02,55 Cancri e,41.0,5.95084,2004
107,107,Luhman 16A,6.516,40,1.01,55 Cancri f,41.0,5.95084,2007
108,108,DENIS-P J1058.7−1548,49.0,64,1.0,61 Virginis b,28.0,4.6955,2009
109,109,TWA 28,180.0,36,2.39,61 Virginis c,28.0,4.6955,2009
110,110,Cha 110913-773444,163.0,8,1.8,61 Virginis d,28.0,4.6955,2009
111,111,OTS 44,554.0,15,,6 Lyncis b,178.0,5.87307,2008
112,112,SDSS J111010.01+011613.1,63.0,9,1.24,70 Virginis b,58.0,4.96808,1996
113,113,2MASS J11145133−2618235,18.2,33,0.96,75 Ceti b,271.0,5.3532,2012
114,114,TWA 26,137.0,30,2.2,7 Canis Majoris b,65.0,3.95,2011
115,115,2MASSW J1146345+223053,89.0,,,7 Canis Majoris c,65.0,3.95,2019
116,116,2MASS J11544223-3400390 [de],129.0,37,1.5,81 Ceti b,330.0,5.64307,2008
117,117,2MASSW J1155395-372735 [de],31.0,64,1.0,8 Ursae Minoris b,530.0,6.83295,2015
118,118,TWA 27A,,,,91 Aquarii b,144.0,4.23946,2013
119,119,TWA 27B,,,,AB Aurigae b,529.0,7.076,2022
120,120,2MASS J12074836-3900043,217.0,17,1.71,AB Pictoris b,163.0,9.13,2005
121,121,2MASSI J1217110-031113 [de],36.0,42,0.94,Alpha Arietis b,66.0,2.00538,2010
122,122,2MASS J12255432-2739466,43.0,,,Alpha Tauri b,67.0,0.872,2015
123,123,DENIS-P J1228.2-1547,66.0,,,AU Microscopii b,32.0,8.81,2020
124,124,2M 1237+6526,45.6,41,0.94,AU Microscopii c,32.0,8.81,2021
125,125,2MASSW J1239272+551537 [de],119.0,,,b Centauri AB b,320.0,4.01,2021
126,126,TWA 29,262.0,25,2.0,BD-00 4475 b,139.0,9.01,2021
127,127,SDSSp J125453.90-012247.4 [de],38.0,47,0.98,BD+03 2562 b,3492.0,9.577,2017
128,128,Kelu-1A,61.0,63,0.98,BD-06 1339 b,66.0,9.7,2013
129,129,Kelu-1B,61.0,58,0.98,BD-06 1339 c,66.0,9.7,2013
130,130,2MASS J13204427+0409045,101.0,67,1.01,BD-08 2823 b,135.0,9.86,2009
131,131,SDSSp J132629.82-003831.5 [de],65.0,51,0.97,BD-08 2823 c,135.0,9.86,2009
132,132,SDSSp J134646.45-003150.4 [de],48.0,44,0.94,BD-10 3166 b,275.0,10.013,2000
133,133,2MASS J13595510-4034582,51.0,63,1.0,BD-11 4672 b,89.0,10.03,2014
134,134,ULAS J141623.94+134836.3,29.7,32,0.96,BD-11 4672 c,89.0,10.03,2020
135,135,SDSS J141659.78+500626.4 [de],149.0,59,0.99,BD-13 2130 b,3018.0,10.038,2007
136,136,DENIS-P J142527.97-365023.4 [de],38.0,21,1.32,BD+14 4559 b,161.0,9.78,2009
137,137,LHS 2924,38.5,76,1.06,BD+15 2375 b,2505.0,10.41,2016
138,138,2MASS J14392837+1929150,47.0,72,1.03,BD+15 2940 b,1391.0,9.01,2013
139,139,LSPM J1440+1339,72.0,92,1.19,BD-17 63 b,112.0,9.62,2008
140,140,2MASS J14482563+1031590 [de],47.0,59,0.99,BD+20 2457 b,5023.0,9.743,2009
141,141,CFBDSIR 1458+10A,104.0,11.1,1.5,BD+20 2457 c,5023.0,9.743,2009
142,142,CFBDSIR 1458+10B,104.0,9,1.3,BD+20 274 b,4314.0,9.367,2012
143,143,TVLM 513-46546,35.1,75,1.05,BD+20 594 b,585.0,10.849,2016
144,144,2MASS 1503+2525,20.7,44,0.94,BD+45 564 b,175.0,9.67,2021
145,145,CFBDS J150411+102717,71.0,44,0.94,BD+48 738 b,2843.0,9.139,2011
146,146,2MASSW J1506544+132106 [de],46.0,69,1.02,BD+48 740 b,2174.0,8.69,2018
147,147,2MASS 1507−1627,23.9,60,0.99,BD+49 828 b,1442.0,9.381,2015
148,148,TVLM 868-110639,53.0,79,1.08,BD+55 362 b,171.0,9.38,2021
149,149,SDSS J151114.66+060742.9 [de],89.0,,,BD+60 1417 b,147.0,9.374,2021
150,150,2MASSW J1515008+484742 [de],34.0,57,0.99,b Centauri AB b,320.0,4.01,2021
151,151,2MASSI J1526140+204341 [de],67.0,54,0.98,BD-00 4475 b,139.0,9.01,2021
152,152,DENIS-P J153941.96-052042.4 [de],51.0,63,1.0,BD+03 2562 b,3492.0,9.577,2017
153,153,2MASS J15462718-3325111 [de],37.0,44,0.94,BD-06 1339 b,66.0,9.7,2013
154,154,2MASSW J1552591+294849 [de],68.0,30,1.43,BD-06 1339 c,66.0,9.7,2013
155,155,2MASSW J1555157-095605 [de],44.0,71,1.03,BD-08 2823 b,135.0,9.86,2009
156,156,2MASS J16150413+1340079 [de],48.0,42,0.94,BD-08 2823 c,135.0,9.86,2009
157,157,SDSSp J162414.37+002915.6 [de],36.0,43,0.94,BD-10 3166 b,275.0,10.013,2000
158,158,2MASS J16262034+3925190 [de],110.0,71,1.03,BD-11 4672 b,89.0,10.03,2014
159,159,2MASSW J1632291+190441 [de],50.0,49,0.97,BD-11 4672 c,89.0,10.03,2020
160,160,WISEPA J164715.59+563208.2,28.0,41,0.94,BD-13 2130 b,3018.0,10.038,2007
161,161,LSPM J1658+7027 [de],60.0,73,1.04,BD+14 4559 b,161.0,9.78,2009
162,162,2MASSI J1726000+153819,114.0,24,1.4,BD+15 2375 b,2505.0,10.41,2016
163,163,2MASSW J1728114+394859,79.0,,,BD+15 2940 b,1391.0,9.01,2013
164,164,SDSSp J175032.96+175903.9,90.0,47,0.97,BD-17 63 b,112.0,9.62,2008
165,165,2MASS J18283572-4849046,39.0,45,0.95,BD+20 2457 b,5023.0,9.743,2009
166,166,LSR J1835+3259,18.5,77,1.07,BD+20 2457 c,5023.0,9.743,2009
167,167,2MASSW J1841086+311727,138.0,67,1.01,BD+20 274 b,4314.0,9.367,2012
168,168,2MASS J18432213+4040209,46.0,96,1.22,BD+20 594 b,585.0,10.849,2016
169,169,2MASS J20004841-7523070,105.0,25,1.88,BD+45 564 b,175.0,9.67,2021
170,170,SDSS J204749.61-071818.3,65.0,46,0.96,BD+48 738 b,2843.0,9.139,2011
171,171,2MASSI J2057540-025230,47.0,70,1.02,BD+48 740 b,2174.0,8.69,2018
172,172,2MASSW J2101154+175658,108.0,,,BD+49 828 b,1442.0,9.381,2015
173,173,2MASSI J2104149-103736,62.0,69,1.02,BD+55 362 b,171.0,9.38,2021
174,174,PSO J318.5−22,80.0,6.5,1.53,BD+60 1417 b,147.0,9.374,2021
175,175,HB 2124-4228,113.0,94,1.21,b Centauri AB b,320.0,4.01,2021
176,176,2MASS J21392676+0220226,32.1,46,0.96,BD-00 4475 b,139.0,9.01,2021
177,177,2MASS J21481628+4003593,26.3,55,0.99,BD+03 2562 b,3492.0,9.577,2017
178,178,2MASS J14112131-2119503,,,,BD-06 1339 b,66.0,9.7,2013
179,179,2MASSW J2206450-421721,93.0,22,1.33,BD-06 1339 c,66.0,9.7,2013
180,180,2MASSW J2208136+292121,154.0,27,1.41,BD-08 2823 b,135.0,9.86,2009
181,181,2MASSW J2224438-015852,38.0,61,0.99,BD-08 2823 c,135.0,9.86,2009
182,182,2MASS J22282889-4310262,35.0,42,0.94,BD-10 3166 b,275.0,10.013,2000
183,183,2MASS J22373255+3922398,64.0,73,1.04,BD-11 4672 b,89.0,10.03,2014
184,184,2MASSW J2244316+204343,56.0,12,1.29,BD-11 4672 c,89.0,10.03,2020
185,185,2MASS J23224684-3133231,56.0,24,1.39,BD-13 2130 b,3018.0,10.038,2007
186,186,2MASS J23225299-6151275,148.0,17,1.59,BD+14 4559 b,161.0,9.78,2009
187,187,2MASS J23515044-2537367,67.0,88,1.16,BD+15 2375 b,2505.0,10.41,2016
188,188,2MASSI J2356547-155310,74.0,80,1.09,BD+15 2940 b,1391.0,9.01,2013
189,189,WISE 0005+3737,23.2,,,BD-17 63 b,112.0,9.62,2008
190,190,WISE 0008-1739,87.1,,,BD+20 2457 b,5023.0,9.743,2009
191,191,WISE 0015-4615,48.6,,,BD+20 2457 c,5023.0,9.743,2009
192,192,WISE 0031-3840,71.8,,,BD+20 274 b,4314.0,9.367,2012
193,193,WISE 0032-4946,62.9,,,BD+20 594 b,585.0,10.849,2016
194,194,WISE 0038+2758,36.9,,,BD+45 564 b,175.0,9.67,2021
195,195,WISE 0038+8405,101.8,,,BD+48 738 b,2843.0,9.139,2011
196,196,WISE 0040+0900,47.6,,,BD+48 740 b,2174.0,8.69,2018
197,197,WISE 0049+0441,62.6,,,BD+49 828 b,1442.0,9.381,2015
198,198,WISE 0049+2151,24.1,,,BD+55 362 b,171.0,9.38,2021
199,199,WISE 0106+1518,142.9,,,BD+60 1417 b,147.0,9.374,2021
200,200,WISE 0123+4142,67.2,,,BD+63 1405 b,124.0,8.96,2021
201,201,WISE 0135+1715,77.3,,,Beta Cancri b,290.0,3.51012,2014
202,202,WISE 0138-0322,57.7,,,Beta Pictoris b,64.0,3.85,2008
203,203,WISE 0146+4234,20.5,,,Beta Pictoris c,64.0,3.85,2019
204,204,WISE 0148-7202,30.0,,,Beta Ursae Minoris b,126.0,2.0569,2014
205,205,WISE 0150+3827,61.3,,,CD Ceti b,28.0,13.95,2020
206,206,WISE 0206+2640,58.4,,,CFBDSIR J145829+101343 b,75.0,,2011
207,207,WISE 0221+3842,73.1,,,CFHTWIR-Oph 98 b,,,2021
208,208,WISE 0223-2932,47.0,,,CHXR 73 b,621.0,17.2934,2006
209,209,WISE 0226-0211,91.0,,,CI Tauri b,515.0,13.642,2019
210,210,WISE 0241-3653,53.8,,,COCONUTS-2 b,36.0,11.298,2021
211,211,WISE 0245-3450,56.1,,,CoRoT-10 b,1104.0,15.293,2010
212,212,WISE 0247+3725,57.1,,,CoRoT-11 b,2137.0,12.897,2010
213,213,WISE 0305+3954,75.0,,,CoRoT-12 b,3674.0,15.588,2010
214,214,WISE 0307+2904,82.8,,,CoRoT-13 b,3748.0,15.005,2010
215,215,WISE 0313+7807,28.0,,,CoRoT-14 b,5691.0,15.932,2010
216,216,WISE 0316+4307,106.3,,,CoRoT-16 b,2389.0,16.052,2011
217,217,WISE 0321-7347,84.8,,,CoRoT-17 b,3837.0,16.29,2011
218,218,WISE 0323-6025,45.3,,,CoRoT-18 b,2495.0,14.868,2011
219,219,WISE 0325-3854,51.2,,,CoRoT-19 b,2579.0,14.135,2011
220,220,WISE 0325+0831,36.5,,,CoRoT-1 b,2570.0,13.623,2008
221,221,WISE 0333-5856,54.8,,,CoRoT-20 b,2753.0,14.63,2011
222,222,WISE 0335+4310,45.7,,,CoRoT-20 c,2753.0,14.63,2018
223,223,WISE 0336-0143,55.4,,,CoRoT-21 b,4563.0,16.058,2012
224,224,WISE 0350-5658,17.7,,,CoRoT-22 b,2046.0,13.82,2014
225,225,WISE 0359-5401,19.2,,,CoRoT-23 b,3461.0,15.675,2011
226,226,WISE 0410+1502,20.0,6,1.17,CoRoT-24 b,1930.0,15.383,2014
227,227,WISE 0410+1411,85.8,,,CoRoT-24 c,1930.0,15.383,2014
228,228,WISE 0413-4750,66.2,,,CoRoT-25 b,3600.0,14.79,2013
229,229,WISE 0448-1935,69.8,,,CoRoT-26 b,3409.0,15.861,2013
230,230,WISE 0458+6434A,35.9,15,4.2,CoRoT-27 b,3296.0,15.774,2014
231,231,WISE 0458+6434B,35.9,10,3.8,CoRoT-28 b,2499.0,13.783,2015
232,232,WISE 0500-1223,47.0,,,CoRoT-29 b,2631.0,15.408,2015
233,233,WISE 0513+0608,44.7,,,CoRoT-2 b,696.0,12.516,2008
234,234,WISE 0525+6739,98.2,,,CoRoT-30 b,3367.0,15.571,2020
235,235,WISE 0528-3308,57.4,,,CoRoT-31 b,6543.0,15.479,2020
236,236,WISE 0535-7500,47.0,,,CoRoT-3 b,2508.0,13.448,2008
237,237,WISE 0539-1034,84.8,,,CoRoT-4 b,2370.0,13.652,2008
238,238,WISE 0542-1628,50.6,,,CoRoT-5 b,2879.0,14.043,2009
239,239,WISE 0607+2429,25.4,,,CoRoT-6 b,2105.0,13.961,2009
240,240,WISE 0611-0410,57.7,,,CoRoT-7 b,522.0,11.728,2009
241,241,WISE 0612-4920,95.2,,,CoRoT-7 c,522.0,11.728,2009
242,242,WISE 0612-3036,64.9,,,CoRoT-8 b,1050.0,14.792,2010
243,243,WISE 0614+3912,50.2,,,CoRoT-9 b,1347.0,13.637,2009
244,244,WISE 0614+0951,51.5,,,CoRoTID 223977153 b,1881.0,13.626,2017
245,245,WISE 0623-0456,37.5,,,CT Chamaleontis b,622.0,12.335,2007
246,246,WISE 0625+5646,67.2,,,DE Canun Venaticorum b,100.0,12.956,2018
247,247,WISE 0627-1114,37.2,,,DENIS-P J082303.1-491201 b,68.0,18.5577,2013
248,248,WISE 0647-6232,28.0,,,DH Tauri b,440.0,13.98,2004
249,249,WISE 0656+4205,54.1,,,DMPP-1 b,204.0,7.98,2019
250,250,WISE 0713-2917,23.2,,,CoRoT-23 b,3461.0,15.675,2011
251,251,WISE 0723+3403,45.7,,,CoRoT-24 b,1930.0,15.383,2014
252,252,WISE 0733+7544,78.3,,,CoRoT-24 c,1930.0,15.383,2014
253,253,WISE 0734-7157,34.9,,,CoRoT-25 b,3600.0,14.79,2013
254,254,WISE 0744+5628,47.3,,,CoRoT-26 b,3409.0,15.861,2013
255,255,WISE 0750+2725,51.5,,,CoRoT-27 b,3296.0,15.774,2014
256,256,WISE 0751-7634,39.1,,,CoRoT-28 b,2499.0,13.783,2015
257,257,WISE 0759-4904,38.8,,,CoRoT-29 b,2631.0,15.408,2015
258,258,WISE 0811-8051,32.0,,,CoRoT-2 b,696.0,12.516,2008
259,259,WISE 0812+4021,63.6,,,CoRoT-30 b,3367.0,15.571,2020
260,260,WISE 0819-0335,46.0,,,CoRoT-31 b,6543.0,15.479,2020
261,261,WISE 0821+1443,68.2,,,CoRoT-3 b,2508.0,13.448,2008
262,262,WISE 0836-1859,72.4,,,CoRoT-4 b,2370.0,13.652,2008
263,263,WISE 0857+5604,42.1,,,CoRoT-5 b,2879.0,14.043,2009
264,264,WISE 0906+4735,51.5,,,CoRoT-6 b,2105.0,13.961,2009
265,265,WISE 0929+0409,64.9,,,CoRoT-7 b,522.0,11.728,2009
266,266,WISE 0952+1955,72.1,,,CoRoT-7 c,522.0,11.728,2009
267,267,WISE 1018-2445,47.6,,,CoRoT-8 b,1050.0,14.792,2010
268,268,WISE 1019+6529,56.8,,,CoRoT-9 b,1347.0,13.637,2009
269,269,WISE 1039-1600,47.3,,,CoRoTID 223977153 b,1881.0,13.626,2017
270,270,WISE 1042-3842,53.2,,,CT Chamaleontis b,622.0,12.335,2007
271,271,WISE 1051-2138,40.8,,,DE Canun Venaticorum b,100.0,12.956,2018
272,272,WISE 1122+2550,57.7,,,DENIS-P J082303.1-491201 b,68.0,18.5577,2013
273,273,WISE 1124-0421,50.6,,,DH Tauri b,440.0,13.98,2004
274,274,WISE 1147-2040,102.0,,,DMPP-1 b,204.0,7.98,2019
275,275,WISE 1150+6302,32.9,,,CoRoT-23 b,3461.0,15.675,2011
276,276,WISE 1217+1626A,34.2,12,,CoRoT-24 b,1930.0,15.383,2014
277,277,WISE 1217+1626B,34.2,6,,CoRoT-24 c,1930.0,15.383,2014
278,278,WISE 1225-1013,55.4,,,CoRoT-25 b,3600.0,14.79,2013
279,279,WISE 1311+0122,44.4,,,CoRoT-26 b,3409.0,15.861,2013
280,280,WISE 1311+3629,86.1,,,CoRoT-27 b,3296.0,15.774,2014
281,281,WISE 1318-1758,32.9,,,CoRoT-28 b,2499.0,13.783,2015
282,282,WISE 1320+6034,56.1,,,CoRoT-29 b,2631.0,15.408,2015
283,283,WISE 1322-2340,33.9,,,CoRoT-2 b,696.0,12.516,2008
284,284,WISE 1348+6603,91.0,,,CoRoT-30 b,3367.0,15.571,2020
285,285,WISE 1405+5534,25.3,30,0.86,CoRoT-31 b,6543.0,15.479,2020
286,286,WISE 1433-0837,84.8,,,CoRoT-3 b,2508.0,13.448,2008
287,287,WISE 1436-1814,60.0,,,CoRoT-4 b,2370.0,13.652,2008
288,288,WISE 1457+5815,52.2,,,CoRoT-5 b,2879.0,14.043,2009
289,289,WISE 1506+7027,11.1,,,CoRoT-6 b,2105.0,13.961,2009
290,290,WISE 1517+0529,72.4,,,CoRoT-7 b,522.0,11.728,2009
291,291,WISE 1519+7009,50.9,,,CoRoT-7 c,522.0,11.728,2009
292,292,WISE 1523+3125,84.5,,,CoRoT-8 b,1050.0,14.792,2010
293,293,WISE 1541-2250,20.0,,,CoRoT-9 b,1347.0,13.637,2009
294,294,WISE 1542+2230,41.1,,,CoRoTID 223977153 b,1881.0,13.626,2017
295,295,WISE 1612-3420,55.4,,,CT Chamaleontis b,622.0,12.335,2007
296,296,WISE 1614+1739,32.6,,,DE Canun Venaticorum b,100.0,12.956,2018
297,297,WISE 1617+1807,50.2,,,DENIS-P J082303.1-491201 b,68.0,18.5577,2013
298,298,WISE 1622-0959,52.2,,,DH Tauri b,440.0,13.98,2004
299,299,WISE 1627+3255,50.2,,,DMPP-1 b,204.0,7.98,2019
300,300,WISE 1639-6847,16.3,,,DMPP-1 c,204.0,7.98,2019
301,301,WISE 1647+5632,28.0,,,DMPP-1 d,204.0,7.98,2019
302,302,WISE 1653+4444,39.5,,,DMPP-1 e,204.0,7.98,2019
303,303,WISE 1711+3500,60.3,,,DMPP-2 b,450.0,8.57,2019
304,304,WISE 1717+6129,72.7,,,DMPP-3 A b,148.0,9.066,2019
305,305,WISE 1721+1117,62.3,,,DP Leonis b,997.0,18.6837,2009
306,306,WISE 1728+5716,97.8,,,DS Tucanae A b,144.0,8.17,2019
307,307,WISE 1738+2732,20.0,,,EPIC 201170410.02,437.0,17.6984,2020
308,308,WISE 1741+2553,18.9,,,EPIC 201238110 b,520.0,16.014,2019
309,309,WISE 1746-0338,83.8,,,EPIC 201427007 b,2304.0,14.321,2021
310,310,WISE 1800+0134,28.7,57,,EPIC 201497682 b,825.0,13.948,2019
311,311,WISE 1804+3117,30.0,,,EPIC 201595106 b,757.0,11.746,2021
312,312,WISE 1809+3838,74.4,,,EPIC 201615463 c,1556.0,12.081,2019
313,313,WISE 1812+2721,47.0,,,EPIC 201754305 d,1093.0,14.668,2019
314,314,WISE 1828+2650,36.0,,,EPIC 201757695.02,1884.0,14.974,2020
315,315,WISE 1830+4542,107.0,,,EPIC 201833600 c,840.0,14.705,2019
316,316,WISE 1841+7000,131.1,,,EPIC 201841433 b,1424.0,14.983,2019
317,317,WISE 1852+3537,55.4,,,EPIC 205950854 c,796.0,12.365,2019
318,318,WISE 1906+4508,51.5,,,EPIC 206024342 b,1207.0,13.096,2019
319,319,WISE 1928+2356,22.8,,,EPIC 206024342 c,1207.0,13.096,2021
320,320,WISE 1952+7240,44.4,,,EPIC 206024342 d,1207.0,13.096,2021
321,321,WISE 1959-3338,37.2,,,EPIC 206032309 b,526.0,17.89,2019
322,322,WISE 2030+0749,34.2,,,EPIC 206042996 b,1474.0,16.59,2019
323,323,WISE 2014+0424,96.2,,,EPIC 206042996 c,1474.0,16.59,2021
324,324,WISE 2015+6646,50.6,,,EPIC 206215704 b,358.0,17.83,2019
325,325,WISE 2018-7423,47.9,,,DMPP-1 c,204.0,7.98,2019
326,326,WISE 2019-1148,42.4,,,DMPP-1 d,204.0,7.98,2019
327,327,WISE 2056+1459,24.5,,,DMPP-1 e,204.0,7.98,2019
328,328,WISE 2134-7137,42.7,,,DMPP-2 b,450.0,8.57,2019
329,329,WISE 2157+2659,61.6,,,DMPP-3 A b,148.0,9.066,2019
330,330,WISE 2209-2734,46.0,,,DP Leonis b,997.0,18.6837,2009
331,331,WISE 2213+0911,58.7,,,DS Tucanae A b,144.0,8.17,2019
332,332,WISE 2220-3628,26.4,,,EPIC 201170410.02,437.0,17.6984,2020
333,333,WISE 2226+0440,45.0,,,EPIC 201238110 b,520.0,16.014,2019
334,334,WISE 2237-0614,53.5,,,EPIC 201427007 b,2304.0,14.321,2021
335,335,WISE 2237+7228,46.0,,,EPIC 201497682 b,825.0,13.948,2019
336,336,WISE 2239+1617,59.7,,,EPIC 201595106 b,757.0,11.746,2021
337,337,WISE 2255-3118,44.7,,,EPIC 201615463 c,1556.0,12.081,2019
338,338,WISE 2301+0216,60.7,,,EPIC 201754305 d,1093.0,14.668,2019
339,339,WISE 2313-8037,35.9,,,EPIC 201757695.02,1884.0,14.974,2020
340,340,WISE 2319-1844,52.2,,,EPIC 201833600 c,840.0,14.705,2019
341,341,WISE 2325-4105,37.5,,,EPIC 201841433 b,1424.0,14.983,2019
342,342,WISE 2327-2730,70.8,,,EPIC 205950854 c,796.0,12.365,2019
343,343,WISE 2335+4222,90.3,,,EPIC 206024342 b,1207.0,13.096,2019
344,344,WISE 2340-0745,37.8,,,EPIC 206024342 c,1207.0,13.096,2021
345,345,WISE 2342+0856,51.2,,,EPIC 206024342 d,1207.0,13.096,2021
346,346,WISE 2343-7418,48.6,,,EPIC 206032309 b,526.0,17.89,2019
347,347,WISE 2344+1034,46.0,,,EPIC 206042996 b,1474.0,16.59,2019
348,348,WISE 2348-1028,54.1,,,EPIC 206042996 c,1474.0,16.59,2021
349,349,WISE 2357+1227,54.8,,,EPIC 206215704 b,358.0,17.83,2019
350,350,WISE 2359-7335,42.7,,,DMPP-1 c,204.0,7.98,2019
351,351,WISEA 1101+5400,111.0,,,DMPP-1 d,204.0,7.98,2019
352,352,2M1510,120.0,40 + 39 + ?,,DMPP-1 e,204.0,7.98,2019
